{
  "title": "Monk's Common Display V13",
  "description": "Set up a display without all the ui so that it can be displayed on an alternate screen (V13 Compatible)",
  "version": "13.0.3",
  "socket": true,
  "authors": [
    {
      "name": "IronMonk",
      "discord": "ironmonk88#4075",
	  "flags": {
		  "github": "ironmonk88",
		  "patreon": "ironmonk",
		  "ko-fi": "ironmonk88"
	  }
    },
    {
      "name": "AxiumDND",
      "flags": {
        "github": "AxiumDND"
      }
    }
  ],
  "languages": [
    {
      "lang": "en",
      "name": "English",
      "path": "lang/en.json"
    },
    {
      "lang": "pl",
      "name": "Polski",
      "path": "lang/pl.json"
    }
  ],
  "esmodules": [
    "monks-common-display.js",
    "settings.js"
  ],
  "styles": [
    "css/monks-common-display.css"
  ],
  "url": "https://github.com/AxiumDND/monks-common-display",
  "download": "https://github.com/AxiumDND/monks-common-display/releases/download/v13.0.3/monks-common-display-v13.0.3.zip",
  "manifest": "https://raw.githubusercontent.com/AxiumDND/monks-common-display/main/module.json",
  "bugs": "https://github.com/AxiumDND/monks-common-display/issues",
  "allowBugReporter": true,
  "id": "monks-common-display-v13",
  "compatibility": {
    "minimum": "13",
    "verified": "13"
  },
  "name": "monks-common-display-v13",
  "minimumCoreVersion": "13",
  "compatibleCoreVersion": "13"
}
